id,tm,AntiBERTy
['6IBB'],72.12,-1.0477136373519897
['5MP2'],70.27,-0.9025944471359253
['6XW6'],66.07,-1.1703630685806274
['7BC6'],63.0,-0.6511215567588806
['5MY6'],74.28,-1.000283122062683
['6SC5'],65.24,-0.49568885564804077
['6RTW'],64.21,-1.122741460800171
['1ZVY'],65.1,-1.1273318529129028
['7DSS'],67.53,-1.2289549112319946
['7AZB'],59.91,-1.2249577045440674
['5IP4'],63.24,-1.1708284616470337
['3K81'],64.1,-1.2473127841949463
['3QXV'],67.24,-1.067643165588379
['6RL7/NbThermo.00037'],72.09,-1.2392076253890991
['5L21'],66.86,-1.4358760118484497
['6DBD'],65.6,-1.4924298524856567
['7NQA'],65.87,-1.418769121170044
['6UI1'],67.83,-1.3191086053848267
['6X05'],66.67,-1.360997200012207
['7B27'],65.74,-1.2774380445480347
['1BZQ/NbThermo.00491'],70.11,-0.8940345644950867
['1JTO/NbThermo.00112'],67.01,-0.9832165837287903
['1KXT'],57.85,-1.028132677078247
['1KXV'],56.99,-1.113739013671875
['1QD0'],66.56,-1.1938838958740234
['1RI8'],78.14,-0.8030295968055725
['2BSE'],75.23,-1.2940831184387207
['2X6M'],67.13,-0.8964978456497192
['3DWT/NbThermo.00113/NbThermo.00133'],77.72,-0.9860578179359436
['3EBA'],86.21,-0.7585811018943787
['3G9A'],66.55,-1.0217962265014648
['3J69'],66.03,-0.9862431287765503
['3J6A'],69.02,-0.9420887231826782
['3P9W'],60.0,-1.1180849075317383
['3SN6'],60.26,-0.912426769733429
['4B5E'],61.66,-1.006947636604309
['4C57'],63.78,-1.1424660682678223
['4I0C'],75.79,-0.9543091654777527
['4I13'],65.39,-1.474320888519287
['4IDL'],53.76,-1.4134132862091064
['4LJP'],71.72,-1.2095953226089478
['4LJS'],72.49,-1.0415127277374268
['4QGY'],74.65,-0.9127194881439209
['4YGA'],73.41,-1.1147946119308472
['4Z9K/NbThermo.00231'],73.49,-0.8453782796859741
['5C1M'],61.35,-1.1828861236572266
['5FOJ'],70.81,-1.2354265451431274
['5J56'],73.74,-0.8533316850662231
['5KU2'],55.16,-1.0355223417282104
['5M2M'],74.98,-1.117047667503357
['5NM0'],72.73,-1.1160720586776733
['5O03'],69.2,-1.0846658945083618
['5OCL'],71.69,-1.0534265041351318
['5OVW'],76.47,-1.0153000354766846
['5TD8'],66.55,-1.1489473581314087
['5TJW'],66.25,-1.0864076614379883
['5U64'],73.39,-1.0640333890914917
['5VLV'],69.62,-1.2041347026824951
['5VM4'],72.93,-1.5703374147415161
['5VXK'],65.75,-1.142128586769104
['6CK8'],66.66,-1.2067642211914062
['6EQI'],62.47,-1.1626733541488647
['6FYU'],64.58,-1.0476962327957153
['6GWN'],64.42,-0.9699257016181946
['6HEQ'],60.61,-1.1375809907913208
['6HHU'],70.29,-0.9730867743492126
['6I2G'],61.03,-1.4852349758148193
['6I8H'],66.04,-0.9265156388282776
['6ITP'],68.38,-1.0754358768463135
['6KNM'],69.42,-0.9404554963111877
['6KSN'],63.03,-0.879448413848877
['6OBC'],64.04,-1.298398494720459
['6OQ5'],65.81,-1.1816290616989136
['6OS1'],71.54,-1.2112078666687012
['6QKD'],69.2,-1.272400975227356
['6QV1'],63.83,-1.2091641426086426
['6RAF'],86.19,-1.0851168632507324
['6U12'],61.28,-0.9941766858100891
['6U50'],57.07,-1.3838435411453247
['6U53'],65.19,-1.2085347175598145
['6X02'],76.46,-1.245043396949768
['6X03'],66.97,-1.0933873653411865
['6XXN'],80.66,-1.1011018753051758
['7B18'],66.14,-0.7298784852027893
['7E9G'],59.28,-1.1039257049560547
['7JVB/NbThermo.00028'],72.91,-0.963386058807373
['7KBI'],63.45,-1.2697441577911377
['7MJH'],59.64,-0.8515709042549133
['7MY3'],60.89,-1.1811081171035767
['7NQK'],66.46,-1.2779126167297363
['7OAN'],67.55,-1.1455637216567993
['7OAP'],69.0,-1.085456371307373
['7OLZ'],68.79,-0.8070769906044006
['NbPep1/NbThermo.00045'],71.86,-1.2016397714614868
['NbPep2/NbThermo.00046'],76.13,-1.3015109300613403
['NbD1/NbThermo.00047'],65.94,-0.9802130460739136
['NbPep3/NbThermo.00048'],60.68,-1.0832821130752563
['NbPep4/NbThermo.00049'],67.33,-1.2887957096099854
['NbD9/NbThermo.00050'],63.12,-0.8644742369651794
['NbD8/NbThermo.00051'],57.2,-0.7733373641967773
['NbPep5/NbThermo.00052'],70.44,-0.9606702923774719
['NbPep7/NbThermo.00054'],68.49,-0.9733314514160156
['NbD6/NbThermo.00056'],70.75,-1.2498369216918945
['NbPep9/NbThermo.00057'],72.41,-0.8936734795570374
['NbPep13/NbThermo.00061'],69.19,-0.8425542116165161
['NbPep14/NbThermo.00062'],72.02,-1.3242782354354858
['NbPep15/NbThermo.00063'],67.08,-1.1502660512924194
['NbPep16/NbThermo.00064'],74.44,-0.8550248742103577
['NbPep17/NbThermo.00065'],71.28,-0.8960621953010559
['NbPep18/NbThermo.00066'],70.65,-0.8053832054138184
['NbD4/NbThermo.00069'],57.46,-1.029906153678894
['NbD3/NbThermo.00085'],68.48,-1.1734497547149658
['NbD2/NbThermo.00086'],66.53,-0.9813300967216492
['NbD5/NbThermo.00087'],58.19,-0.9053841233253479
['NbPep47/NbThermo.00095'],67.06,-1.1312131881713867
['NbPep50/NbThermo.00096'],62.39,-1.064824104309082
['NbPep51/NbThermo.00097'],72.45,-0.9820064306259155
['NbPep52/NbThermo.00098'],59.0,-0.9468225836753845
['NbPep10/NbThermo.00058'],84.58,-1.1185158491134644
['NbPep11/NbThermo.00059'],68.0,-0.8832559585571289
['NbPep12/NbThermo.00060'],68.57,-1.1213661432266235
['NbPep19/NbThermo.00067'],71.43,-1.182875394821167
['NbD12/NbThermo.00070'],61.46,-0.9495531916618347
['NbPep21/NbThermo.00071'],68.73,-1.0443683862686157
['NbPep22/NbThermo.00072'],69.54,-1.0624581575393677
['NbPep23/NbThermo.00073'],69.63,-0.924630343914032
['NbPep24/NbThermo.00074'],76.09,-1.0511682033538818
['NbPep25/NbThermo.00075'],68.33,-1.1949131488800049
['NbD10/NbThermo.00076'],59.54,-0.966255784034729
['NbPep26/NbThermo.00077'],72.88,-0.8956809639930725
['NbPep27/NbThermo.00078'],85.8,-1.0186445713043213
['NbPep28/NbThermo.00079'],63.9,-0.9504489898681641
['NbPep29/NbThermo.00080'],55.1,-0.9744073152542114
['NbPep30/NbThermo.00081'],75.95,-1.3772239685058594
['NbPep31/NbThermo.00082'],62.82,-0.9922779202461243
['NbPep32/NbThermo.00083'],58.85,-0.8611169457435608
['NbPep33/NbThermo.00084'],74.37,-0.9776817560195923
['NbD11/NbThermo.00088'],60.24,-0.9114740490913391
['NbPep34/NbThermo.00089'],71.37,-1.264465570449829
['NbPep35/NbThermo.00090'],70.51,-1.1695488691329956
['NbPep36/NbThermo.00091'],74.55,-0.8380922079086304
['NbPep37/NbThermo.00092'],72.37,-0.8501017689704895
['NbPep38/NbThermo.00093'],79.74,-1.1683183908462524
['NbPep39/NbThermo.00094'],76.28,-0.7045422792434692
['NbPep55/NbThermo.00101'],75.68,-1.2250347137451172
['NbPep57/NbThermo.00103'],71.72,-1.0181294679641724
['NbPep60/NbThermo.00104'],79.41,-1.0291500091552734
['NbPep61/NbThermo.00105'],74.55,-0.8753451108932495
['NbPep62/NbThermo.00106'],74.65,-1.1931878328323364
['NbPep64/NbThermo.00107'],74.55,-0.9956038594245911
['NbPep65/NbThermo.00108'],73.88,-0.9240115284919739
['NbPep66/NbThermo.00109'],66.96,-0.9973384141921997
['NbPep67'],59.64,-0.7928604483604431
['NbPep68/NbThermo.00110'],68.23,-1.051931381225586
['NbPep69/NbThermo.00111'],63.57,-0.9287617802619934
['NbPep54/NbThermo.00100'],76.58,-1.0227363109588623
['NbPep56/NbThermo.00102'],74.08,-0.8475256562232971
['1.1yc7/NbThermo.00141/NbThermo.00149'],70.94,-0.897540271282196
['2.4u05/NbThermo.00372'],83.44,-1.190049171447754
['3.6ul4'],70.59,-1.1838021278381348
['4.Nb24'],64.97,-0.9249456524848938
['5.Nb24.H'],68.38,-0.9106494188308716
['6.Nb24.HR'],72.1,-0.889157772064209
['7.Nb24.B'],69.74,-0.8379329442977905
['8.Nb24.BR'],75.84,-0.8214755058288574
['9.Nb24.L'],66.87,-0.8629431128501892
['10.mNb6.H'],62.59,-0.8181711435317993
['11.mNb6.B'],60.6,-0.9157212376594543
['12.mNb6.BR'],61.8,-0.8373526334762573
['14.mNb6.L2'],55.42,-0.789450466632843
['15.C1.K'],74.83,-1.0410206317901611
['16.C1.I'],73.58,-1.001441240310669
['17.aGFP/NbThermo.00144/NbThermo.00279/NbThermo.00038'],67.64,-0.8955446481704712
['19.1mel.T28C'],57.61,-1.0526275634765625
['26.HET.A111C'],75.13,-1.025490164756775
['27.HET.A112C'],74.59,-1.055515170097351
['29.K9.A112C'],74.05,-1.0886849164962769
['30.PL'],75.65,-1.0028303861618042
['31.QP'],77.74,-1.0259593725204468
['32.aS49'],75.72,-1.0480748414993286
['33.aS46'],77.59,-1.0591660737991333
['34.P2/NbThermo.00010'],78.34,-1.0458403825759888
['35.C1/NbThermo.00013'],77.06,-0.9777790904045105
['36.mNb6'],62.04,-0.7673349380493164
['37.CT1'],53.44,-1.2578645944595337
['38.NB201'],73.46,-0.8831369876861572
['39.Nb24.G114C'],56.4,-0.9557148814201355
['40.P1T/NbThermo.00009'],82.41,-1.0938042402267456
['43.C2T/NbThermo.00014'],78.69,-0.9537461400032043
['44.T2T/NbThermo.00012'],78.38,-0.9324199557304382
['45.D3'],70.15,-1.0218278169631958
['NbThermo.00001/NbThermo.00002'],66.25,-0.833224892616272
['NbThermo.00003/NbThermo.00004'],62.0,-1.1693449020385742
['NbThermo.00005/NbThermo.00006'],69.0,-1.3005017042160034
['NbThermo.00011'],67.5,-1.1026841402053833
['NbThermo.00015'],54.4,-0.9414217472076416
['NbThermo.00016'],56.5,-1.003363013267517
['NbThermo.00017'],62.1,-0.9303962588310242
['NbThermo.00018'],78.4,-0.8657918572425842
['NbThermo.00019'],72.3,-0.9751306772232056
['NbThermo.00020'],75.44,-0.8108735084533691
['NbThermo.00021'],73.37,-0.8332504630088806
['NbThermo.00022'],78.98,-1.1935651302337646
['NbThermo.00023'],71.26,-0.6750532984733582
['NbThermo.00024'],98.23,-1.0074481964111328
['NbThermo.00025'],71.07,-0.8677334785461426
['NbThermo.00026'],66.9,-0.7558444738388062
['NbThermo.00027'],67.6,-0.7654734253883362
['NbThermo.00029'],72.8,-0.9509590864181519
['NbThermo.00030'],65.9,-0.9328101277351379
['NbThermo.00031'],74.4,-0.8648337721824646
['NbThermo.00032'],57.9,-1.2458778619766235
['NbThermo.00033'],57.9,-1.2110035419464111
['NbThermo.00034'],49.6,-1.1633195877075195
['NbThermo.00035'],75.6,-1.1793749332427979
['NbThermo.00036'],51.8,-1.2143275737762451
['NbThermo.00039'],54.5,-1.2399985790252686
['NbThermo.00040'],58.0,-0.9601566791534424
['NbThermo.00041'],58.0,-1.2625552415847778
['NbThermo.00042'],53.0,-1.3197824954986572
['NbThermo.00043'],58.0,-1.2995004653930664
['NbThermo.00044'],68.0,-1.0007797479629517
['NbThermo.00099'],69.47366501,-1.0198878049850464
['NbThermo.00114'],62.0,-0.8797314763069153
['NbThermo.00115'],68.0,-1.2883955240249634
['NbThermo.00116/NbThermo.00130'],77.85,-0.7190463542938232
['NbThermo.00117'],60.0,-1.2537102699279785
['NbThermo.00118'],84.2,-0.7588508129119873
['NbThermo.00119'],76.2,-0.7561530470848083
['NbThermo.00120'],79.4,-0.793190598487854
['NbThermo.00121'],82.5,-0.8011095523834229
['NbThermo.00122'],78.4,-0.8207127451896667
['NbThermo.00123'],79.5,-0.7675214409828186
['NbThermo.00124'],70.0,-0.754069447517395
['NbThermo.00125'],79.9,-0.8014001846313477
['NbThermo.00126'],79.6,-1.0312191247940063
['NbThermo.00127'],72.0,-1.0791661739349365
['NbThermo.00128'],74.3,-1.0661208629608154
['NbThermo.00129'],63.4,-0.8631224632263184
['NbThermo.00131'],51.5,-0.8760565519332886
['NbThermo.00132'],61.9,-0.9970772862434387
['NbThermo.00134'],60.2,-1.1384809017181396
['NbThermo.00135'],87.0,-1.130143165588379
['NbThermo.00136'],70.0,-1.2792381048202515
['NbThermo.00137'],82.0,-1.0968315601348877
['NbThermo.00138'],65.6,-1.247475028038025
['NbThermo.00139'],90.0,-1.24342942237854
['NbThermo.00140'],71.4,-1.3894259929656982
['NbThermo.00142'],90.0,-1.027126431465149
['NbThermo.00143'],89.0,-1.012418508529663
['NbThermo.00145'],60.3,-1.1095870733261108
['NbThermo.00146'],75.7,-0.9924744963645935
['NbThermo.00147'],76.2,-1.1464447975158691
['NbThermo.00148'],85.0,-1.1899217367172241
['NbThermo.00150'],61.0,-0.9314183592796326
['NbThermo.00151'],60.0,-0.9236688613891602
['NbThermo.00152'],61.0,-0.9363222718238831
['NbThermo.00153'],59.0,-0.9281922578811646
['NbThermo.00154'],62.0,-0.9355970025062561
['NbThermo.00155'],57.0,-0.9231806993484497
['NbThermo.00156'],60.0,-0.937358558177948
['NbThermo.00158'],53.0,-1.115879774093628
['NbThermo.00159'],53.0,-1.1003048419952393
['NbThermo.00160'],57.0,-1.1085149049758911
['NbThermo.00161'],53.0,-1.1009646654129028
['NbThermo.00162'],51.0,-1.10491943359375
['NbThermo.00163'],53.0,-1.0884166955947876
['NbThermo.00164'],59.0,-1.0696766376495361
['NbThermo.00165'],78.0,-1.0768544673919678
['NbThermo.00166'],67.0,-1.1350774765014648
['NbThermo.00167'],63.0,-1.1385633945465088
['NbThermo.00168'],69.0,-1.1383999586105347
['NbThermo.00169'],70.0,-1.1472312211990356
['NbThermo.00170'],78.0,-1.0375648736953735
['NbThermo.00171'],71.0,-1.092612385749817
['NbThermo.00172'],69.0,-1.0843600034713745
['NbThermo.00173'],74.0,-1.0926648378372192
['NbThermo.00174'],69.0,-1.0964796543121338
['NbThermo.00175'],70.0,-1.1007407903671265
['NbThermo.00176'],72.0,-1.0922335386276245
['NbThermo.00177'],66.0,-0.8494076132774353
['NbThermo.00178'],79.0,-0.8703182339668274
['NbThermo.00179'],66.0,-1.1092727184295654
['NbThermo.00180'],74.0,-1.100655436515808
['NbThermo.00184'],66.0,-1.2158706188201904
['NbThermo.00185'],65.0,-0.7757455110549927
['NbThermo.00186'],61.0,-1.0705612897872925
['NbThermo.00187'],69.0,-0.9397672414779663
['NbThermo.00188'],69.0,-1.0545672178268433
['NbThermo.00189'],58.0,-1.0042011737823486
['NbThermo.00190'],49.0,-1.1680431365966797
['NbThermo.00191'],46.0,-1.3754686117172241
['NbThermo.00192'],70.0,-1.3369711637496948
['NbThermo.00193'],65.0,-1.5643218755722046
['NbThermo.00194'],70.0,-1.3533198833465576
['NbThermo.00195'],65.0,-1.3625130653381348
['NbThermo.00196'],64.0,-1.370985984802246
['NbThermo.00197'],72.0,-1.238735556602478
['NbThermo.00198'],62.0,-1.3725939989089966
['NbThermo.00199'],43.38,-1.1609560251235962
['NbThermo.00200'],57.47,-1.2399848699569702
['NbThermo.00201'],60.59,-1.2184416055679321
['NbThermo.00202'],60.01,-1.2331290245056152
['NbThermo.00203'],43.08,-1.2394979000091553
['NbThermo.00204'],51.16,-1.2132514715194702
['NbThermo.00205'],48.91,-1.234818458557129
['NbThermo.00206'],50.74,-1.2077699899673462
['NbThermo.00207'],66.0,-0.941857635974884
['NbThermo.00208'],52.35,-1.043294072151184
['NbThermo.00209'],47.25,-1.1224913597106934
['NbThermo.00210'],46.8,-1.1295775175094604
['NbThermo.00211'],47.02,-1.2092883586883545
['NbThermo.00212'],51.0,-1.3377541303634644
['NbThermo.00213'],50.0,-1.1459436416625977
['NbThermo.00214'],75.0,-1.211410641670227
['NbThermo.00215'],60.0,-1.266274333000183
['NbThermo.00216'],72.0,-1.1221147775650024
['NbThermo.00217'],54.0,-1.0973402261734009
['NbThermo.00218'],43.0,-1.619004487991333
['NbThermo.00219'],54.0,-1.1980035305023193
['NbThermo.00220'],67.0,-1.0765423774719238
['NbThermo.00221'],68.0,-1.161111831665039
['NbThermo.00222'],60.0,-1.1442886590957642
['NbThermo.00224'],60.0,-1.4539989233016968
['NbThermo.00225'],62.0,-1.2754089832305908
['NbThermo.00226'],46.0,-1.1727681159973145
['NbThermo.00227'],61.0,-1.310847282409668
['NbThermo.00228'],62.0,-1.2694388628005981
['NbThermo.00229'],66.0,-0.9636756181716919
['NbThermo.00230'],65.0,-1.0646926164627075
['NbThermo.00232'],74.0,-0.9214266538619995
['NbThermo.00233'],70.0,-1.3181570768356323
['NbThermo.00234'],85.0,-1.0349178314208984
['NbThermo.00235'],85.0,-1.2469805479049683
['NbThermo.00236'],65.0,-0.9101072549819946
['NbThermo.00237'],65.0,-0.8215281963348389
['NbThermo.00238'],50.75,-1.1532552242279053
['NbThermo.00239'],59.0,-1.2081538438796997
['NbThermo.00240'],60.0,-1.1920393705368042
['NbThermo.00241'],48.0,-1.1053380966186523
['NbThermo.00242'],64.0,-1.1306301355361938
['NbThermo.00243'],63.0,-1.1618484258651733
['NbThermo.00244'],64.0,-1.180612564086914
['NbThermo.00245'],65.0,-1.0901166200637817
['NbThermo.00246'],66.0,-1.1644582748413086
['NbThermo.00247'],79.1,-1.154127597808838
['NbThermo.00248'],77.2,-1.1621720790863037
['NbThermo.00249'],81.4,-1.172165036201477
['NbThermo.00250'],78.5,-1.174818515777588
['NbThermo.00251'],75.5,-1.1584423780441284
['NbThermo.00252'],76.9,-1.1625429391860962
['NbThermo.00253'],76.5,-1.167235016822815
['NbThermo.00254'],77.4,-1.1648342609405518
['NbThermo.00255'],77.6,-1.1611354351043701
['NbThermo.00256'],77.5,-1.145859718322754
['NbThermo.00257'],70.8,-1.1508150100708008
['NbThermo.00258'],74.9,-1.1640651226043701
['NbThermo.00259'],78.1,-1.185563087463379
['NbThermo.00260'],74.0,-1.176400065422058
['NbThermo.00261'],76.0,-1.1647578477859497
['NbThermo.00262'],73.4,-1.1692531108856201
['NbThermo.00263'],77.3,-1.1451345682144165
['NbThermo.00264'],74.0,-1.1606990098953247
['NbThermo.00265'],80.0,-1.1515905857086182
['NbThermo.00266'],79.7,-1.1614938974380493
['NbThermo.00267'],79.0,-1.1725939512252808
['NbThermo.00268'],81.0,-1.1716076135635376
['NbThermo.00269'],81.6,-1.1650700569152832
['NbThermo.00270'],78.5,-1.1537892818450928
['NbThermo.00271'],80.9,-1.1730962991714478
['NbThermo.00272'],81.3,-1.1815201044082642
['NbThermo.00273'],78.5,-1.1740127801895142
['NbThermo.00274'],81.4,-1.1709539890289307
['NbThermo.00275'],81.9,-1.1651378870010376
['NbThermo.00276'],77.0,-1.163985252380371
['NbThermo.00277'],81.3,-1.1737183332443237
['NbThermo.00278'],81.5,-1.1820191144943237
['NbThermo.00280'],74.0,-0.8819835782051086
['NbThermo.00281'],75.0,-0.9269751906394958
['NbThermo.00282'],74.0,-0.8022128343582153
['NbThermo.00283'],95.0,-0.8259916305541992
['NbThermo.00284'],70.0,-0.8524453043937683
['NbThermo.00285'],74.0,-0.9438547492027283
['NbThermo.00286'],73.7,-1.0455068349838257
['NbThermo.00287'],75.6,-0.911493718624115
['NbThermo.00288'],70.5,-0.8998943567276001
['NbThermo.00289'],63.9,-0.8918113708496094
['NbThermo.00290'],70.95,-0.7794756889343262
['NbThermo.00291'],73.8,-0.9755318760871887
['NbThermo.00292'],71.94,-0.8885095715522766
['NbThermo.00293'],56.0,-1.3912440538406372
['NbThermo.00294'],52.0,-1.4063622951507568
['NbThermo.00295'],49.0,-1.4313908815383911
['NbThermo.00296'],64.0,-1.1334580183029175
['NbThermo.00297'],62.0,-1.180670142173767
['NbThermo.00298'],62.0,-1.1133019924163818
['NbThermo.00299'],74.5,-0.9944472908973694
['NbThermo.00300'],70.3,-0.9533193111419678
['NbThermo.00301'],57.8,-1.1215639114379883
['NbThermo.00302'],67.0,-1.1443675756454468
['NbThermo.00303'],60.7,-0.994094967842102
['NbThermo.00304'],69.6,-1.1478722095489502
['NbThermo.00305'],71.6,-0.9289771318435669
['NbThermo.00306'],79.8,-0.99048912525177
['NbThermo.00307'],67.2,-1.205071210861206
['NbThermo.00308'],61.6,-1.0263937711715698
['NbThermo.00309'],68.6,-1.0368378162384033
['NbThermo.00310'],65.2,-1.0813117027282715
['NbThermo.00311'],67.5,-1.1608211994171143
['NbThermo.00312'],66.1,-0.8892585039138794
['NbThermo.00313'],66.5,-0.9215558767318726
['NbThermo.00314'],70.9,-0.9449536800384521
['NbThermo.00315'],66.8,-0.9988279342651367
['NbThermo.00316'],68.1,-0.9937928915023804
['NbThermo.00317'],78.0,-0.8793200254440308
['NbThermo.00318'],73.2,-0.923208475112915
['NbThermo.00319'],78.6,-1.0135676860809326
['NbThermo.00320'],76.0,-1.0617462396621704
['NbThermo.00321'],80.9,-1.1105979681015015
['NbThermo.00322'],63.3,-0.9669074416160583
['NbThermo.00323'],60.9,-1.0450929403305054
['NbThermo.00324'],64.7,-1.1704566478729248
['NbThermo.00325'],70.4,-1.2026492357254028
['NbThermo.00326'],58.0,-1.0347000360488892
['NbThermo.00327'],67.0,-1.2217093706130981
['NbThermo.00328'],57.0,-1.0775681734085083
['NbThermo.00329'],60.0,-1.232032299041748
['NbThermo.00330'],60.0,-1.1797610521316528
['NbThermo.00331/NbThermo.00342'],75.5,-1.1491904258728027
['NbThermo.00332/NbThermo.00343'],68.0,-1.1575331687927246
['NbThermo.00333/NbThermo.00344'],71.5,-1.1208338737487793
['NbThermo.00334/NbThermo.00345'],70.0,-1.0926316976547241
['NbThermo.00335/NbThermo.00346'],58.5,-1.2786673307418823
['NbThermo.00336/NbThermo.00347'],56.0,-1.2755016088485718
['NbThermo.00337/NbThermo.00348'],55.5,-1.307131052017212
['NbThermo.00338/NbThermo.00349'],57.0,-1.2610756158828735
['NbThermo.00339/NbThermo.00350'],53.5,-1.3011233806610107
['NbThermo.00340/NbThermo.00351'],46.0,-1.3476186990737915
['NbThermo.00341'],62.0,-1.231751799583435
['NbThermo.00352'],54.0,-1.1926910877227783
['NbThermo.00353'],71.0,-1.31028413772583
['NbThermo.00354'],59.0,-1.1774340867996216
['NbThermo.00355'],55.0,-1.5719521045684814
['NbThermo.00356'],71.0,-1.1485518217086792
['NbThermo.00357/NbThermo.00428'],73.0,-1.0769991874694824
['NbThermo.00358'],55.0,-1.071675419807434
['NbThermo.00359'],47.0,-1.2953616380691528
['NbThermo.00360'],70.0,-1.1153664588928223
['NbThermo.00361'],72.0,-1.1162054538726807
['NbThermo.00362'],59.0,-1.1079747676849365
['NbThermo.00363'],71.0,-1.138657808303833
['NbThermo.00364'],63.0,-1.4457322359085083
['NbThermo.00365'],85.0,-1.2112723588943481
['NbThermo.00366'],84.0,-1.1631369590759277
['NbThermo.00367'],85.0,-1.1667288541793823
['NbThermo.00368'],83.0,-1.146833062171936
['NbThermo.00369'],82.0,-1.1506056785583496
['NbThermo.00370'],84.0,-1.1441882848739624
['NbThermo.00371'],74.0,-1.2256022691726685
['NbThermo.00373'],84.0,-1.1263673305511475
['NbThermo.00374'],75.0,-1.2127121686935425
['NbThermo.00375'],84.0,-1.1790990829467773
['NbThermo.00376'],73.0,-1.1836917400360107
['NbThermo.00377'],78.0,-1.1418261528015137
['NbThermo.00378'],76.0,-1.1520910263061523
['NbThermo.00379'],76.0,-1.1494873762130737
['NbThermo.00380'],76.0,-1.1585824489593506
['NbThermo.00381'],80.0,-1.15715754032135
['NbThermo.00382'],79.0,-1.1618669033050537
['NbThermo.00383'],77.0,-1.1264883279800415
['NbThermo.00384'],67.0,-1.040125846862793
['NbThermo.00385'],61.0,-1.2210849523544312
['NbThermo.00386'],63.0,-1.4537608623504639
['NbThermo.00387'],53.0,-1.1266803741455078
['NbThermo.00388'],58.0,-1.2611072063446045
['NbThermo.00389'],67.0,-1.0916935205459595
['NbThermo.00390'],66.0,-1.245404839515686
['NbThermo.00391'],53.0,-1.3940399885177612
['NbThermo.00392'],62.0,-1.1803789138793945
['NbThermo.00393'],57.0,-1.3017749786376953
['NbThermo.00394'],63.0,-1.1773395538330078
['NbThermo.00395'],72.0,-0.9995611310005188
['NbThermo.00396'],64.0,-1.353718876838684
['NbThermo.00397'],64.0,-1.2921183109283447
['NbThermo.00398'],72.0,-1.1239198446273804
['NbThermo.00399'],80.0,-1.0238666534423828
['NbThermo.00400'],57.0,-1.071175217628479
['NbThermo.00401'],58.0,-1.3114591836929321
['NbThermo.00402'],63.0,-1.1990119218826294
['NbThermo.00403'],69.0,-1.1581881046295166
['NbThermo.00404'],63.0,-1.26314115524292
['NbThermo.00405'],68.0,-1.4695112705230713
['NbThermo.00406'],62.0,-1.2720383405685425
['NbThermo.00407'],60.0,-1.2069122791290283
['NbThermo.00408'],60.0,-1.1930205821990967
['NbThermo.00409'],57.0,-1.2025278806686401
['NbThermo.00410'],61.0,-1.1646173000335693
['NbThermo.00411'],80.0,-1.201392650604248
['NbThermo.00412'],56.0,-1.121517300605774
['NbThermo.00413'],60.0,-1.1604722738265991
['NbThermo.00414'],61.0,-1.088268518447876
['NbThermo.00415'],71.0,-1.1791588068008423
['NbThermo.00416'],79.0,-0.9982942938804626
['NbThermo.00417'],75.0,-1.0164541006088257
['NbThermo.00418'],57.0,-1.3122739791870117
['NbThermo.00419'],70.0,-1.2958416938781738
['NbThermo.00420'],62.0,-1.2522153854370117
['NbThermo.00421'],60.0,-1.4244654178619385
['NbThermo.00422'],59.0,-1.1108661890029907
['NbThermo.00423'],81.0,-1.131040334701538
['NbThermo.00424'],81.0,-1.1779704093933105
['NbThermo.00425'],86.0,-1.1569122076034546
['NbThermo.00426'],87.0,-1.257134199142456
['NbThermo.00427'],85.0,-1.2880432605743408
['NbThermo.00429/NbThermo.00430'],80.5,-0.9491923451423645
['NbThermo.00431'],76.0,-1.166764259338379
['NbThermo.00432/NbThermo.00433'],81.5,-1.0375707149505615
['NbThermo.00434'],89.0,-1.1857941150665283
['NbThermo.00435'],89.0,-1.0970579385757446
['NbThermo.00436'],88.0,-1.2900246381759644
['NbThermo.00437'],48.0,-1.3638865947723389
['NbThermo.00438'],68.0,-1.6731982231140137
['NbThermo.00439'],70.0,-1.1591137647628784
['NbThermo.00440'],65.0,-1.239957571029663
['NbThermo.00441'],71.0,-1.0972660779953003
['NbThermo.00442'],66.0,-1.359391689300537
['NbThermo.00443'],75.0,-1.2058160305023193
['NbThermo.00444'],46.0,-1.9191968441009521
['NbThermo.00445'],65.0,-1.661967158317566
['NbThermo.00446'],71.0,-1.0082802772521973
['NbThermo.00447'],73.0,-0.8807229995727539
['NbThermo.00448'],86.0,-0.9709866642951965
['NbThermo.00449'],60.0,-1.2539048194885254
['NbThermo.00450'],66.0,-1.105966329574585
['NbThermo.00451'],75.0,-1.171738624572754
['NbThermo.00452'],65.0,-1.3179020881652832
['NbThermo.00453'],58.0,-1.3197505474090576
['NbThermo.00454'],74.0,-1.3629509210586548
['NbThermo.00455'],55.0,-1.2391496896743774
['NbThermo.00456'],53.0,-1.2930210828781128
['NbThermo.00457'],65.0,-1.3367985486984253
['NbThermo.00458'],58.0,-1.4587966203689575
['NbThermo.00459'],50.0,-1.7947701215744019
['NbThermo.00460'],50.0,-1.895466923713684
['NbThermo.00461'],74.0,-1.3209984302520752
['NbThermo.00462'],70.0,-1.3555454015731812
['NbThermo.00463'],60.0,-1.5965254306793213
['NbThermo.00464'],77.0,-1.2834460735321045
['NbThermo.00465'],62.0,-1.3650853633880615
['NbThermo.00466'],65.0,-1.613939881324768
['NbThermo.00467'],77.0,-1.3737082481384277
['NbThermo.00468'],75.0,-1.4748643636703491
['NbThermo.00470'],78.0,-1.734209418296814
['NbThermo.00471'],64.0,-1.2407041788101196
['NbThermo.00472'],68.0,-0.9862610101699829
['NbThermo.00473'],65.0,-1.2407898902893066
['NbThermo.00474'],59.0,-1.4060652256011963
['NbThermo.00475/NbThermo.00476'],52.5,-1.4474506378173828
['NbThermo.00477'],65.0,-1.177660346031189
['NbThermo.00478'],55.0,-1.278825283050537
['NbThermo.00479'],61.0,-1.2733980417251587
['NbThermo.00480'],59.0,-1.241426706314087
['NbThermo.00481'],80.7,-0.8048862218856812
['NbThermo.00482'],81.7,-0.8275372982025146
['NbThermo.00483'],80.7,-0.8066316843032837
['NbThermo.00484'],81.9,-0.8307486772537231
['NbThermo.00489'],55.0,-1.2579903602600098
['NbThermo.00490'],57.0,-1.2208882570266724
['NbThermo.00492'],64.1,-0.9262769818305969
['NbThermo.00493'],60.1,-1.0089119672775269
['NbThermo.00494'],66.7,-0.7038016319274902
['NbThermo.00495'],84.7,-0.9574335813522339
['NbThermo.00496'],73.1,-0.9797383546829224
['NbThermo.00497'],75.1,-0.9820942878723145
['NbThermo.00498'],72.4,-0.8627748489379883
['NbThermo.00499'],74.6,-0.9474990963935852
['NbThermo.00500'],77.2,-1.1635878086090088
['NbThermo.00501'],93.6,-1.0686956644058228
['NbThermo.00502'],84.7,-1.0600324869155884
['NbThermo.00503'],78.8,-1.0753364562988281
['NbThermo.00504'],79.1,-0.9782446026802063
['NbThermo.00505'],80.1,-1.0555671453475952
['NbThermo.00506'],85.3,-1.2681022882461548
['NbThermo.00508'],58.0,-1.0206302404403687
['NbThermo.00509'],58.0,-0.9693264961242676
['NbThermo.00510'],61.0,-1.0397354364395142
['NbThermo.00511'],55.0,-0.975579559803009
['NbThermo.00512'],56.0,-0.9713872075080872
['NbThermo.00513'],67.0,-0.9421650767326355
['NbThermo.00514'],56.0,-0.986338198184967
['NbThermo.00515'],58.0,-0.9650351405143738
['NbThermo.00516'],60.0,-0.9549936652183533
['NbThermo.00517'],71.0,-1.0205507278442383
['NbThermo.00518'],71.0,-1.0242271423339844
['NbThermo.00519'],65.0,-1.1382391452789307
['bioGUNE/WT'],60.16,-1.0083307027816772
['bioGUNE/V80A'],58.1,-1.0381485223770142
['bioGUNE/I71A'],49.78,-1.0512268543243408
['bioGUNE/L21A'],40.66,-1.0826917886734009
['bioGUNE/C21A/C90A'],39.4,-1.1536877155303955
['bioGUNE/C21A'],37.1,-1.0948377847671509
['bioGUNE/L82A'],35.66,-1.0863466262817383
['bioGUNE/C21G'],34.05,-1.0592910051345825
['bioGUNE/L82A/S7C'],33.41,-1.1686638593673706
['bioGUNE/C21G/C90A'],33.17,-1.1184303760528564
['bioGUNE/L82A/A74C'],33.12,-1.159408688545227
['bioGUNE/C21G/C90M'],32.6,-1.1353927850723267
['bioGUNE/C21G/C90W'],32.31,-1.0992168188095093
['bioGUNE/C21A/C90M'],32.3,-1.1703758239746094
['bioGUNE/L82A/D72C'],32.16,-1.1787123680114746
['bioGUNE/C21S/C90S'],32.13,-1.1038403511047363
['bioGUNE/L82A/K75C'],32.03,-1.1743288040161133
['bioGUNE/L82A/Q105C'],29.6,-1.213350772857666
['bioGUNE/W37A'],26.64,-1.097114086151123
['H11-D4'],67.6,-1.4407187700271606
['H11-D4/T111H'],67.1,-1.4611529111862183
['H11-D4/Y88P/T111H'],71.7,-1.405684232711792
['H11-D4/Y88P/W112I'],73.7,-1.4002025127410889
['H11-D4/Y88P/T111H/W112I'],73.25,-1.4093338251113892
['H11-H4'],63.6,-1.4654628038406372
['H11-H4/Y88P'],69.6,-1.417609691619873
['H11-H4/T111H'],63.2,-1.4878431558609009
['H11-H4/Y88P/T111H'],69.45,-1.4385461807250977
['H11-H4/Y88P/L106P/T111H'],70.2,-1.4408048391342163
"['Nb.B201', 'WT']",70.1,-1.4178721904754639
"['Nb.B201', 'A31D']",72.65,-1.4255857467651367
"['Nb.B201', 'H53P']",70.45,-1.4079511165618896
"['Nb.B201', 'H53R']",71.3,-1.3992974758148193
"['Nb.B201', 'T55D']",76.6,-1.4042530059814453
"['Nb.B201', 'T55G']",80.65,-1.391847014427185
"['Nb.B201', 'T100K']",74.65,-1.4240926504135132
"['Nb.B201', 'T100R']",73.1,-1.4122289419174194
"['Nb.B201', 'A31D/T55D']",78.5,-1.412480354309082
"['Nb.B201', 'A31D/T55G']",82.9,-1.3991014957427979
"['Nb.B201', 'H53P/T55G']",80.4,-1.3860622644424438
"['Nb.B201', 'A31D/H53P/T55G']",82.0,-1.392453670501709
"['Nb.B201', 'A31D/H53P/T55G/T100K']",83.7,-1.3983083963394165
